{
  "showEmail": true,
  "showPass": true,
  "show2FA": true,
  "showCookie": true,
  "showUid": true,
  "showName": true,
  "showGender": true,
  "showFriend": true,
  "showGroup": true,
  "showFollowing": true,
  "showBirthday": true,
  "showCreated": true,
  "showEmailFB": true,
  "showPhoneFB": true,
  "showTotal": true,
  "showSkipFollow": true,
  "showSkipShare": true,
  "showSkipGroup": true,
  "showSkipComment": true,
  "showChatSMS": true,
  "showPostProfile": true,
  "showComment": true,
  "showLike": true,
  "showPoke": true,
  "showAddFriend": true,
  "showAcceptFriend": true,
  "showStory": true,
  "showVideo": true,
  "showHidden": true,
  "showPause": true,
  "showProxy": true,
  "showIP": true,
  "showNote": true,
  "showStatus": true
}